{
  "train_loss": [
    1.209727,
    0.782567,
    0.660882,
    0.621868,
    0.435788,
    0.304336,
    0.20339,
    0.138049,
    0.08728,
    0.060556,
    0.036728,
    0.027339,
    0.018423,
    0.017758,
    0.013815
  ],
  "train_acc": [
    0.606011,
    0.724605,
    0.762608,
    0.772593,
    0.839124,
    0.887315,
    0.925726,
    0.952624,
    0.972084,
    0.980642,
    0.991034,
    0.994702,
    0.99623,
    0.996332,
    0.998064
  ],
  "val_loss": [
    0.868116,
    0.698013,
    0.672148,
    0.609146,
    0.645896,
    0.652957,
    0.698741,
    0.709085,
    0.852265,
    0.86053,
    0.8547,
    0.87604,
    0.909922,
    0.920781,
    0.911675
  ],
  "val_acc": [
    0.687602,
    0.75367,
    0.771615,
    0.791191,
    0.799347,
    0.799347,
    0.814845,
    0.820555,
    0.809951,
    0.80832,
    0.812398,
    0.823817,
    0.814029,
    0.811582,
    0.819739
  ]
}